Subject Name,Subject Code,Date,Start Time,End Time,Venue,Batch,Completed At,Exam Officer Signature,Dean Signature,HOD Signature
"Basic Mathematics for Computing","CO1121","5/11/2026","08:30","11:30","Hall A","2022/2023","2026-05-03T17:15:43.489Z","/uploads/signatures/signature-69f3999952492f153dc5154c-1777828120934.png","/uploads/signatures/signature-69da9a8324a795506146e6eb-1777828431756.png","/uploads/signatures/signature-69ef26cc1dd2097baa3737c8-1777828476571.png"
"Basic Computer Programming","CO1122","5/14/2026","08:30","11:30","Hall A","2022/2023","2026-05-03T17:15:55.053Z","/uploads/signatures/signature-69f3999952492f153dc5154c-1777828120934.png","/uploads/signatures/signature-69da9a8324a795506146e6eb-1777828431756.png","/uploads/signatures/signature-69ef26cc1dd2097baa3737c8-1777828476571.png"
"Practical work on CO1122","CO1112","5/18/2026","08:30","11:30","Computer Laboratory","2022/2023","2026-05-03T17:16:01.361Z","/uploads/signatures/signature-69f3999952492f153dc5154c-1777828120934.png","/uploads/signatures/signature-69da9a8324a795506146e6eb-1777828431756.png","/uploads/signatures/signature-69ef26cc1dd2097baa3737c8-1777828476571.png"
"General English Proficiency - I","GEP1","Computer Science","1st Year","1","6/25/2026","08:30","11:30","Hall A","2022/2023","","2026-05-03T17:36:45.156Z","/uploads/signatures/signature-69f3999952492f153dc5154c-1777828120934.png","/uploads/signatures/signature-69da9a8324a795506146e6eb-1777828431756.png","/uploads/signatures/signature-69ef26cc1dd2097baa3737c8-1777828476571.png"
"Discrete Mathematics","COM1133","Computer Science","1st Year","1","6/22/2026","08:30","11:30","Hall A","2022/2023","","2026-05-03T17:36:46.920Z","/uploads/signatures/signature-69f3999952492f153dc5154c-1777828120934.png","/uploads/signatures/signature-69da9a8324a795506146e6eb-1777828431756.png","/uploads/signatures/signature-69ef26cc1dd2097baa3737c8-1777828476571.png"
"Introduction to Computer Science","COM1113","Computer Science","1st Year","1","6/18/2026","08:30","11:30","Hall A","2022/2023","","2026-05-03T17:36:48.371Z","/uploads/signatures/signature-69f3999952492f153dc5154c-1777828120934.png","/uploads/signatures/signature-69da9a8324a795506146e6eb-1777828431756.png","/uploads/signatures/signature-69ef26cc1dd2097baa3737c8-1777828476571.png"
"Data Structures and Algorithms","COM1123","Computer Science","1st Year","1","6/15/2026","08:30","11:30","Hall A","2022/2023","","2026-05-03T17:36:49.593Z","/uploads/signatures/signature-69f3999952492f153dc5154c-1777828120934.png","/uploads/signatures/signature-69da9a8324a795506146e6eb-1777828431756.png","/uploads/signatures/signature-69ef26cc1dd2097baa3737c8-1777828476571.png"
"General English Proficiency - I","GEP-I","Computer Science","1st Year","1","6/11/2026","08:30","11:30","Hall A","2022/2023","","2026-05-03T17:36:50.976Z","/uploads/signatures/signature-69f3999952492f153dc5154c-1777828120934.png","/uploads/signatures/signature-69da9a8324a795506146e6eb-1777828431756.png","/uploads/signatures/signature-69ef26cc1dd2097baa3737c8-1777828476571.png"
"Management Information System","CO1126","Computer Science","1st Year","1","6/8/2026","08:30","11:30","Hall A","2022/2023","","2026-05-03T17:36:52.366Z","/uploads/signatures/signature-69f3999952492f153dc5154c-1777828120934.png","/uploads/signatures/signature-69da9a8324a795506146e6eb-1777828431756.png","/uploads/signatures/signature-69ef26cc1dd2097baa3737c8-1777828476571.png"
